,ticker,cik,filing_type,period_end,file_name,url,success
0,JPM,0000019617,10-K,2019-12-31,C:\Users\User\OneDrive\Desktop\Code\msba_edgar\scraper\sec-edgar-filings\JPM_2019-12-31_10-K_0000019617-20-000257_filing-details.html,https://www.sec.gov/Archives/edgar/data/0000019617/000001961720000257/corp10k2019.htm,True
1,JPM,0000019617,10-K,2018-12-31,C:\Users\User\OneDrive\Desktop\Code\msba_edgar\scraper\sec-edgar-filings\JPM_2018-12-31_10-K_0000019617-19-000054_filing-details.html,https://www.sec.gov/Archives/edgar/data/0000019617/000001961719000054/corp10k2018.htm,True
2,JPM,0000019617,10-K,2017-12-31,C:\Users\User\OneDrive\Desktop\Code\msba_edgar\scraper\sec-edgar-filings\JPM_2017-12-31_10-K_0000019617-18-000057_filing-details.html,https://www.sec.gov/Archives/edgar/data/0000019617/000001961718000057/corp10k2017.htm,True
3,JPM,0000019617,10-Q,2020-09-30,C:\Users\User\OneDrive\Desktop\Code\msba_edgar\scraper\sec-edgar-filings\JPM_2020-09-30_10-Q_0000019617-20-000438_filing-details.html,https://www.sec.gov/Archives/edgar/data/0000019617/000001961720000438/jpm-20200930.htm,True
4,JPM,0000019617,10-Q,2020-06-30,C:\Users\User\OneDrive\Desktop\Code\msba_edgar\scraper\sec-edgar-filings\JPM_2020-06-30_10-Q_0000019617-20-000372_filing-details.html,https://www.sec.gov/Archives/edgar/data/0000019617/000001961720000372/corpq22020.htm,True
5,JPM,0000019617,10-Q,2020-03-31,C:\Users\User\OneDrive\Desktop\Code\msba_edgar\scraper\sec-edgar-filings\JPM_2020-03-31_10-Q_0000019617-20-000299_filing-details.html,https://www.sec.gov/Archives/edgar/data/0000019617/000001961720000299/corpq12020.htm,True
6,JPM,0000019617,10-Q,2019-09-30,C:\Users\User\OneDrive\Desktop\Code\msba_edgar\scraper\sec-edgar-filings\JPM_2019-09-30_10-Q_0000019617-19-000232_filing-details.html,https://www.sec.gov/Archives/edgar/data/0000019617/000001961719000232/corpq32019.htm,True
7,JPM,0000019617,10-Q,2019-06-30,C:\Users\User\OneDrive\Desktop\Code\msba_edgar\scraper\sec-edgar-filings\JPM_2019-06-30_10-Q_0000019617-19-000127_filing-details.html,https://www.sec.gov/Archives/edgar/data/0000019617/000001961719000127/corpq22019.htm,True
8,JPM,0000019617,10-Q,2019-03-31,C:\Users\User\OneDrive\Desktop\Code\msba_edgar\scraper\sec-edgar-filings\JPM_2019-03-31_10-Q_0000019617-19-000067_filing-details.html,https://www.sec.gov/Archives/edgar/data/0000019617/000001961719000067/corpq12019.htm,True
9,JPM,0000019617,10-Q,2018-09-30,C:\Users\User\OneDrive\Desktop\Code\msba_edgar\scraper\sec-edgar-filings\JPM_2018-09-30_10-Q_0000019617-18-000206_filing-details.html,https://www.sec.gov/Archives/edgar/data/0000019617/000001961718000206/corpq32018.htm,True
10,JPM,0000019617,10-Q,2018-06-30,C:\Users\User\OneDrive\Desktop\Code\msba_edgar\scraper\sec-edgar-filings\JPM_2018-06-30_10-Q_0000019617-18-000151_filing-details.html,https://www.sec.gov/Archives/edgar/data/0000019617/000001961718000151/corpq22018.htm,True
11,JPM,0000019617,10-Q,2018-03-31,C:\Users\User\OneDrive\Desktop\Code\msba_edgar\scraper\sec-edgar-filings\JPM_2018-03-31_10-Q_0000019617-18-000092_filing-details.html,https://www.sec.gov/Archives/edgar/data/0000019617/000001961718000092/corpq12018.htm,True
12,DIS,0001744489,10-K,2020-10-03,C:\Users\User\OneDrive\Desktop\Code\msba_edgar\scraper\sec-edgar-filings\DIS_2020-10-03_10-K_0001744489-20-000197_filing-details.html,https://www.sec.gov/Archives/edgar/data/0001744489/000174448920000197/dis-20201003.htm,True
13,DIS,0001744489,10-K,2019-09-28,C:\Users\User\OneDrive\Desktop\Code\msba_edgar\scraper\sec-edgar-filings\DIS_2019-09-28_10-K_0001744489-19-000225_filing-details.html,https://www.sec.gov/Archives/edgar/data/0001744489/000174448919000225/fy2019q410k.htm,True
14,DIS,0001744489,10-Q,2020-06-27,C:\Users\User\OneDrive\Desktop\Code\msba_edgar\scraper\sec-edgar-filings\DIS_2020-06-27_10-Q_0001744489-20-000151_filing-details.html,https://www.sec.gov/Archives/edgar/data/0001744489/000174448920000151/dis-20200627.htm,True
15,DIS,0001744489,10-Q,2020-03-28,C:\Users\User\OneDrive\Desktop\Code\msba_edgar\scraper\sec-edgar-filings\DIS_2020-03-28_10-Q_0001744489-20-000102_filing-details.html,https://www.sec.gov/Archives/edgar/data/0001744489/000174448920000102/dis-20200328.htm,True
16,DIS,0001744489,10-Q,2019-12-28,C:\Users\User\OneDrive\Desktop\Code\msba_edgar\scraper\sec-edgar-filings\DIS_2019-12-28_10-Q_0001744489-20-000046_filing-details.html,https://www.sec.gov/Archives/edgar/data/0001744489/000174448920000046/dis-20191228.htm,True
17,DIS,0001744489,10-Q,2019-06-29,C:\Users\User\OneDrive\Desktop\Code\msba_edgar\scraper\sec-edgar-filings\DIS_2019-06-29_10-Q_0001744489-19-000167_filing-details.html,https://www.sec.gov/Archives/edgar/data/0001744489/000174448919000167/fy2019q310qdoc.htm,True
18,DIS,0001744489,10-Q,2019-03-30,C:\Users\User\OneDrive\Desktop\Code\msba_edgar\scraper\sec-edgar-filings\DIS_2019-03-30_10-Q_0001744489-19-000100_filing-details.html,https://www.sec.gov/Archives/edgar/data/0001744489/000174448919000100/fy2019q210qdoc.htm,True
19,V,0001403161,10-K,2020-09-30,C:\Users\User\OneDrive\Desktop\Code\msba_edgar\scraper\sec-edgar-filings\V_2020-09-30_10-K_0001403161-20-000070_filing-details.html,https://www.sec.gov/Archives/edgar/data/0001403161/000140316120000070/v-20200930.htm,True
20,V,0001267425,10-K,2020-03-31,C:\Users\User\OneDrive\Desktop\Code\msba_edgar\scraper\sec-edgar-filings\V_2020-03-31_10-K_0001104659-20-074983_filing-details.html,https://www.sec.gov/Archives/edgar/data/0001267425/000110465920074983/tm2015468d1_10k.htm,True
21,V,0000103379,10-K,2020-03-28,C:\Users\User\OneDrive\Desktop\Code\msba_edgar\scraper\sec-edgar-filings\V_2020-03-28_10-K_0000103379-20-000006_filing-details.html,https://www.sec.gov/Archives/edgar/data/0000103379/000010337920000006/vfc328202010-k.htm,True
22,V,0001253347,10-K,2019-12-31,C:\Users\User\OneDrive\Desktop\Code\msba_edgar\scraper\sec-edgar-filings\V_2019-12-31_10-K_0001654954-20-004116_filing-details.html,https://www.sec.gov/Archives/edgar/data/0001253347/000165495420004116/cigf5_10k.htm,True
23,V,0001574291,10-K,2019-12-31,C:\Users\User\OneDrive\Desktop\Code\msba_edgar\scraper\sec-edgar-filings\V_2019-12-31_10-K_0001574291-20-000008_filing-details.html,https://www.sec.gov/Archives/edgar/data/0001574291/000157429120000008/gsv10-k123119.htm,True
24,V,0001387061,10-K,2019-12-31,C:\Users\User\OneDrive\Desktop\Code\msba_edgar\scraper\sec-edgar-filings\V_2019-12-31_10-K_0001104659-20-040370_filing-details.html,https://www.sec.gov/Archives/edgar/data/0001387061/000110465920040370/tm205353d1_10k.htm,True
25,V,0001580988,10-K,2019-12-31,C:\Users\User\OneDrive\Desktop\Code\msba_edgar\scraper\sec-edgar-filings\V_2019-12-31_10-K_0001580988-20-000016_filing-details.html,https://www.sec.gov/Archives/edgar/data/0001580988/000158098820000016/ccptv1231201910k.htm,True
26,V,0001267426,10-K,2019-12-31,C:\Users\User\OneDrive\Desktop\Code\msba_edgar\scraper\sec-edgar-filings\V_2019-12-31_10-K_0001267426-20-000002_filing-details.html,https://www.sec.gov/Archives/edgar/data/0001267426/000126742620000002/bctcvassignorcorp121910k.htm,True
27,V,0001385662,10-K,2019-12-31,C:\Users\User\OneDrive\Desktop\Code\msba_edgar\scraper\sec-edgar-filings\V_2019-12-31_10-K_0001214659-20-002131_filing-details.html,https://www.sec.gov/Archives/edgar/data/0001385662/000121465920002131/v21820710k.htm,True
28,V,0001000229,10-K,2019-12-31,C:\Users\User\OneDrive\Desktop\Code\msba_edgar\scraper\sec-edgar-filings\V_2019-12-31_10-K_0001564590-20-004075_filing-details.html,https://www.sec.gov/Archives/edgar/data/0001000229/000156459020004075/clb-10k_20191231.htm,True
29,V,0001403161,10-K,2019-09-30,C:\Users\User\OneDrive\Desktop\Code\msba_edgar\scraper\sec-edgar-filings\V_2019-09-30_10-K_0001403161-19-000050_filing-details.html,https://www.sec.gov/Archives/edgar/data/0001403161/000140316119000050/v093019form10k.htm,True
30,V,0001267425,10-K,2019-03-31,C:\Users\User\OneDrive\Desktop\Code\msba_edgar\scraper\sec-edgar-filings\V_2019-03-31_10-K_0001144204-19-031616_filing-details.html,https://www.sec.gov/Archives/edgar/data/0001267425/000114420419031616/tv522707_10k.htm,True
31,V,0000103379,10-K,2019-03-30,C:\Users\User\OneDrive\Desktop\Code\msba_edgar\scraper\sec-edgar-filings\V_2019-03-30_10-K_0000103379-19-000006_filing-details.html,https://www.sec.gov/Archives/edgar/data/0000103379/000010337919000006/vfc330201910-k.htm,True
32,V,0001063489,10-K,2018-12-31,C:\Users\User\OneDrive\Desktop\Code\msba_edgar\scraper\sec-edgar-filings\V_2018-12-31_10-K_0001213900-19-006474_filing-details.html,https://www.sec.gov/Archives/edgar/data/0001063489/000121390019006474/f10k2018_sunburstacq5.htm,True
33,V,0001387061,10-K,2018-12-31,C:\Users\User\OneDrive\Desktop\Code\msba_edgar\scraper\sec-edgar-filings\V_2018-12-31_10-K_0001144204-19-017440_filing-details.html,https://www.sec.gov/Archives/edgar/data/0001387061/000114420419017440/tv516821_10k.htm,True
34,V,0001253347,10-K,2018-12-31,C:\Users\User\OneDrive\Desktop\Code\msba_edgar\scraper\sec-edgar-filings\V_2018-12-31_10-K_0001654954-19-003881_filing-details.html,https://www.sec.gov/Archives/edgar/data/0001253347/000165495419003881/cigf5_10k.htm,True
35,V,0001672773,10-K,2018-12-31,C:\Users\User\OneDrive\Desktop\Code\msba_edgar\scraper\sec-edgar-filings\V_2018-12-31_10-K_0001493152-19-004117_filing-details.html,https://www.sec.gov/Archives/edgar/data/0001672773/000149315219004117/form10-k.htm,True
36,V,0001580988,10-K,2018-12-31,C:\Users\User\OneDrive\Desktop\Code\msba_edgar\scraper\sec-edgar-filings\V_2018-12-31_10-K_0001580988-19-000011_filing-details.html,https://www.sec.gov/Archives/edgar/data/0001580988/000158098819000011/ccptv1231201810k.htm,True
37,V,0001267426,10-K,2018-12-31,C:\Users\User\OneDrive\Desktop\Code\msba_edgar\scraper\sec-edgar-filings\V_2018-12-31_10-K_0001267426-19-000002_filing-details.html,https://www.sec.gov/Archives/edgar/data/0001267426/000126742619000002/bctcvassignorcorp121810k.htm,True
38,V,0001385662,10-K,2018-12-31,C:\Users\User\OneDrive\Desktop\Code\msba_edgar\scraper\sec-edgar-filings\V_2018-12-31_10-K_0001214659-19-001685_filing-details.html,https://www.sec.gov/Archives/edgar/data/0001385662/000121465919001685/v22119310k.htm,True
39,V,0001574291,10-K,2018-12-31,C:\Users\User\OneDrive\Desktop\Code\msba_edgar\scraper\sec-edgar-filings\V_2018-12-31_10-K_0001574291-19-000008_filing-details.html,https://www.sec.gov/Archives/edgar/data/0001574291/000157429119000008/gsv10-k123118.htm,True
40,V,0001000229,10-K,2018-12-31,C:\Users\User\OneDrive\Desktop\Code\msba_edgar\scraper\sec-edgar-filings\V_2018-12-31_10-K_0001000229-19-000021_filing-details.html,https://www.sec.gov/Archives/edgar/data/0001000229/000100022919000021/clb-20181231_10k.htm,True
41,V,0001403161,10-K,2018-09-30,C:\Users\User\OneDrive\Desktop\Code\msba_edgar\scraper\sec-edgar-filings\V_2018-09-30_10-K_0001403161-18-000055_filing-details.html,https://www.sec.gov/Archives/edgar/data/0001403161/000140316118000055/v093018.htm,True
42,V,0001267425,10-K,2018-03-31,C:\Users\User\OneDrive\Desktop\Code\msba_edgar\scraper\sec-edgar-filings\V_2018-03-31_10-K_0001144204-18-035279_filing-details.html,https://www.sec.gov/Archives/edgar/data/0001267425/000114420418035279/tv495778_10k.htm,True
43,V,0001063489,10-K,2017-12-31,C:\Users\User\OneDrive\Desktop\Code\msba_edgar\scraper\sec-edgar-filings\V_2017-12-31_10-K_0001213900-18-004586_filing-details.html,https://www.sec.gov/Archives/edgar/data/0001063489/000121390018004586/f10k2017_sunburstacq5.htm,True
44,V,0001253347,10-K,2017-12-31,C:\Users\User\OneDrive\Desktop\Code\msba_edgar\scraper\sec-edgar-filings\V_2017-12-31_10-K_0001654954-18-003519_filing-details.html,https://www.sec.gov/Archives/edgar/data/0001253347/000165495418003519/cigf5_10k.htm,True
45,V,0001580988,10-K,2017-12-31,C:\Users\User\OneDrive\Desktop\Code\msba_edgar\scraper\sec-edgar-filings\V_2017-12-31_10-K_0001580988-18-000031_filing-details.html,https://www.sec.gov/Archives/edgar/data/0001580988/000158098818000031/ccptv1231201710k.htm,True
46,V,0001387061,10-K,2017-12-31,C:\Users\User\OneDrive\Desktop\Code\msba_edgar\scraper\sec-edgar-filings\V_2017-12-31_10-K_0001144204-18-017921_filing-details.html,https://www.sec.gov/Archives/edgar/data/0001387061/000114420418017921/tv489127_10k.htm,True
47,V,0001672773,10-K,2017-12-31,C:\Users\User\OneDrive\Desktop\Code\msba_edgar\scraper\sec-edgar-filings\V_2017-12-31_10-K_0001493152-18-004161_filing-details.html,https://www.sec.gov/Archives/edgar/data/0001672773/000149315218004161/form10-k.htm,True
48,V,0001267426,10-K,2017-12-31,C:\Users\User\OneDrive\Desktop\Code\msba_edgar\scraper\sec-edgar-filings\V_2017-12-31_10-K_0001267426-18-000004_filing-details.html,https://www.sec.gov/Archives/edgar/data/0001267426/000126742618000004/bctcvassignorcorp121710k.htm,True
49,V,0001385662,10-K,2017-12-31,C:\Users\User\OneDrive\Desktop\Code\msba_edgar\scraper\sec-edgar-filings\V_2017-12-31_10-K_0001214659-18-002004_filing-details.html,https://www.sec.gov/Archives/edgar/data/0001385662/000121465918002004/v21318010k.htm,True
50,V,0000103379,10-K,2017-12-30,C:\Users\User\OneDrive\Desktop\Code\msba_edgar\scraper\sec-edgar-filings\V_2017-12-30_10-K_0000103379-18-000003_filing-details.html,https://www.sec.gov/Archives/edgar/data/0000103379/000010337918000003/vfc1230201710-k.htm,True
51,V,0000884624,10-K,2017-12-31,C:\Users\User\OneDrive\Desktop\Code\msba_edgar\scraper\sec-edgar-filings\V_2017-12-31_10-K_0001564590-18-003256_filing-details.html,https://www.sec.gov/Archives/edgar/data/0000884624/000156459018003256/ofix-10k_20171231.htm,True
52,V,0001574291,10-K,2017-12-31,C:\Users\User\OneDrive\Desktop\Code\msba_edgar\scraper\sec-edgar-filings\V_2017-12-31_10-K_0001574291-18-000006_filing-details.html,https://www.sec.gov/Archives/edgar/data/0001574291/000157429118000006/gsv10-k123117.htm,True
53,V,0001027884,10-K,2017-12-31,C:\Users\User\OneDrive\Desktop\Code\msba_edgar\scraper\sec-edgar-filings\V_2017-12-31_10-K_0001027884-18-000045_filing-details.html,https://www.sec.gov/Archives/edgar/data/0001027884/000102788418000045/a2017123110k.htm,True
54,V,0001000229,10-K,2017-12-31,C:\Users\User\OneDrive\Desktop\Code\msba_edgar\scraper\sec-edgar-filings\V_2017-12-31_10-K_0001000229-18-000025_filing-details.html,https://www.sec.gov/Archives/edgar/data/0001000229/000100022918000025/clb-20171231_10k.htm,True
55,V,0001818874,10-Q,2020-09-30,C:\Users\User\OneDrive\Desktop\Code\msba_edgar\scraper\sec-edgar-filings\V_2020-09-30_10-Q_0001104659-20-128076_filing-details.html,https://www.sec.gov/Archives/edgar/data/0001818874/000110465920128076/tm2036449-1_10q.htm,True
56,V,0001253347,10-Q,2020-09-30,C:\Users\User\OneDrive\Desktop\Code\msba_edgar\scraper\sec-edgar-filings\V_2020-09-30_10-Q_0001654954-20-012488_filing-details.html,https://www.sec.gov/Archives/edgar/data/0001253347/000165495420012488/cigf5_10q.htm,True
57,V,0001580988,10-Q,2020-09-30,C:\Users\User\OneDrive\Desktop\Code\msba_edgar\scraper\sec-edgar-filings\V_2020-09-30_10-Q_0001580988-20-000093_filing-details.html,https://www.sec.gov/Archives/edgar/data/0001580988/000158098820000093/ccptv930202010q.htm,True
58,V,0001267426,10-Q,2020-09-30,C:\Users\User\OneDrive\Desktop\Code\msba_edgar\scraper\sec-edgar-filings\V_2020-09-30_10-Q_0001267425-20-000007_filing-details.html,https://www.sec.gov/Archives/edgar/data/0001267426/000126742520000007/ac920-10q.htm,True
59,V,0001387061,10-Q,2020-09-30,C:\Users\User\OneDrive\Desktop\Code\msba_edgar\scraper\sec-edgar-filings\V_2020-09-30_10-Q_0001104659-20-124377_filing-details.html,https://www.sec.gov/Archives/edgar/data/0001387061/000110465920124377/tm2029555-1_10q.htm,True
60,V,0001267425,10-Q,2020-09-30,C:\Users\User\OneDrive\Desktop\Code\msba_edgar\scraper\sec-edgar-filings\V_2020-09-30_10-Q_0001267425-20-000005_filing-details.html,https://www.sec.gov/Archives/edgar/data/0001267425/000126742520000005/b5092010q.htm,True
61,V,0001385662,10-Q,2020-09-30,C:\Users\User\OneDrive\Desktop\Code\msba_edgar\scraper\sec-edgar-filings\V_2020-09-30_10-Q_0001214659-20-009247_filing-details.html,https://www.sec.gov/Archives/edgar/data/0001385662/000121465920009247/v103020510q.htm,True
62,V,0001816816,10-Q,2020-09-30,C:\Users\User\OneDrive\Desktop\Code\msba_edgar\scraper\sec-edgar-filings\V_2020-09-30_10-Q_0001564590-20-051979_filing-details.html,https://www.sec.gov/Archives/edgar/data/0001816816/000156459020051979/grsv-10q_20200930.htm,True
63,V,0001574291,10-Q,2020-09-30,C:\Users\User\OneDrive\Desktop\Code\msba_edgar\scraper\sec-edgar-filings\V_2020-09-30_10-Q_0001574291-20-000026_filing-details.html,https://www.sec.gov/Archives/edgar/data/0001574291/000157429120000026/gsv10-q093020.htm,True
64,V,0000103379,10-Q,2020-09-26,C:\Users\User\OneDrive\Desktop\Code\msba_edgar\scraper\sec-edgar-filings\V_2020-09-26_10-Q_0000103379-20-000018_filing-details.html,https://www.sec.gov/Archives/edgar/data/0000103379/000010337920000018/vfc-20200926.htm,True
65,V,0001000229,10-Q,2020-09-30,C:\Users\User\OneDrive\Desktop\Code\msba_edgar\scraper\sec-edgar-filings\V_2020-09-30_10-Q_0001564590-20-047286_filing-details.html,https://www.sec.gov/Archives/edgar/data/0001000229/000156459020047286/clb-10q_20200930.htm,True
66,V,0001580988,10-Q,2020-06-30,C:\Users\User\OneDrive\Desktop\Code\msba_edgar\scraper\sec-edgar-filings\V_2020-06-30_10-Q_0001580988-20-000053_filing-details.html,https://www.sec.gov/Archives/edgar/data/0001580988/000158098820000053/ccptv630202010q.htm,True
67,V,0001253347,10-Q,2020-06-30,C:\Users\User\OneDrive\Desktop\Code\msba_edgar\scraper\sec-edgar-filings\V_2020-06-30_10-Q_0001654954-20-009148_filing-details.html,https://www.sec.gov/Archives/edgar/data/0001253347/000165495420009148/cigf5_10q.htm,True
68,V,0001387061,10-Q,2020-06-30,C:\Users\User\OneDrive\Desktop\Code\msba_edgar\scraper\sec-edgar-filings\V_2020-06-30_10-Q_0001104659-20-094692_filing-details.html,https://www.sec.gov/Archives/edgar/data/0001387061/000110465920094692/tm2020451d1_10q.htm,True
69,V,0001267426,10-Q,2020-06-30,C:\Users\User\OneDrive\Desktop\Code\msba_edgar\scraper\sec-edgar-filings\V_2020-06-30_10-Q_0001104659-20-093730_filing-details.html,https://www.sec.gov/Archives/edgar/data/0001267426/000110465920093730/ac620-10q.htm,True
70,V,0001267425,10-Q,2020-06-30,C:\Users\User\OneDrive\Desktop\Code\msba_edgar\scraper\sec-edgar-filings\V_2020-06-30_10-Q_0001104659-20-093723_filing-details.html,https://www.sec.gov/Archives/edgar/data/0001267425/000110465920093723/b5062010q.htm,True
71,V,0001385662,10-Q,2020-06-30,C:\Users\User\OneDrive\Desktop\Code\msba_edgar\scraper\sec-edgar-filings\V_2020-06-30_10-Q_0001214659-20-006908_filing-details.html,https://www.sec.gov/Archives/edgar/data/0001385662/000121465920006908/v73020610q.htm,True
72,V,0000103379,10-Q,2020-06-27,C:\Users\User\OneDrive\Desktop\Code\msba_edgar\scraper\sec-edgar-filings\V_2020-06-27_10-Q_0000103379-20-000013_filing-details.html,https://www.sec.gov/Archives/edgar/data/0000103379/000010337920000013/vfc-20200627.htm,True
73,V,0001574291,10-Q,2020-06-30,C:\Users\User\OneDrive\Desktop\Code\msba_edgar\scraper\sec-edgar-filings\V_2020-06-30_10-Q_0001574291-20-000020_filing-details.html,https://www.sec.gov/Archives/edgar/data/0001574291/000157429120000020/gsv10-q063020.htm,True
74,V,0001403161,10-Q,2020-06-30,C:\Users\User\OneDrive\Desktop\Code\msba_edgar\scraper\sec-edgar-filings\V_2020-06-30_10-Q_0001403161-20-000048_filing-details.html,https://www.sec.gov/Archives/edgar/data/0001403161/000140316120000048/v-20200630.htm,True
75,V,0001000229,10-Q,2020-06-30,C:\Users\User\OneDrive\Desktop\Code\msba_edgar\scraper\sec-edgar-filings\V_2020-06-30_10-Q_0001564590-20-033299_filing-details.html,https://www.sec.gov/Archives/edgar/data/0001000229/000156459020033299/clb-10q_20200630.htm,True
76,V,0001387061,10-Q,2020-03-31,C:\Users\User\OneDrive\Desktop\Code\msba_edgar\scraper\sec-edgar-filings\V_2020-03-31_10-Q_0001104659-20-062264_filing-details.html,https://www.sec.gov/Archives/edgar/data/0001387061/000110465920062264/tm2014622d1_10q.htm,True
77,V,0001253347,10-Q,2020-03-31,C:\Users\User\OneDrive\Desktop\Code\msba_edgar\scraper\sec-edgar-filings\V_2020-03-31_10-Q_0001654954-20-005681_filing-details.html,https://www.sec.gov/Archives/edgar/data/0001253347/000165495420005681/cigf5_10q.htm,True
78,V,0001580988,10-Q,2020-03-31,C:\Users\User\OneDrive\Desktop\Code\msba_edgar\scraper\sec-edgar-filings\V_2020-03-31_10-Q_0001580988-20-000029_filing-details.html,https://www.sec.gov/Archives/edgar/data/0001580988/000158098820000029/ccptv331202010q.htm,True
79,V,0001385662,10-Q,2020-03-31,C:\Users\User\OneDrive\Desktop\Code\msba_edgar\scraper\sec-edgar-filings\V_2020-03-31_10-Q_0001214659-20-004471_filing-details.html,https://www.sec.gov/Archives/edgar/data/0001385662/000121465920004471/v5420610q.htm,True
80,V,0001267426,10-Q,2020-03-31,C:\Users\User\OneDrive\Desktop\Code\msba_edgar\scraper\sec-edgar-filings\V_2020-03-31_10-Q_0001267426-20-000004_filing-details.html,https://www.sec.gov/Archives/edgar/data/0001267426/000126742620000004/ac320-10q.htm,True
81,V,0001574291,10-Q,2020-03-31,C:\Users\User\OneDrive\Desktop\Code\msba_edgar\scraper\sec-edgar-filings\V_2020-03-31_10-Q_0001574291-20-000013_filing-details.html,https://www.sec.gov/Archives/edgar/data/0001574291/000157429120000013/gsv10-q033120.htm,True
82,V,0001403161,10-Q,2020-03-31,C:\Users\User\OneDrive\Desktop\Code\msba_edgar\scraper\sec-edgar-filings\V_2020-03-31_10-Q_0001403161-20-000028_filing-details.html,https://www.sec.gov/Archives/edgar/data/0001403161/000140316120000028/v033120form10q.htm,True
83,V,0001000229,10-Q,2020-03-31,C:\Users\User\OneDrive\Desktop\Code\msba_edgar\scraper\sec-edgar-filings\V_2020-03-31_10-Q_0001564590-20-018302_filing-details.html,https://www.sec.gov/Archives/edgar/data/0001000229/000156459020018302/clb-10q_20200331.htm,True
84,V,0001267425,10-Q,2019-12-31,C:\Users\User\OneDrive\Desktop\Code\msba_edgar\scraper\sec-edgar-filings\V_2019-12-31_10-Q_0001267425-20-000002_filing-details.html,https://www.sec.gov/Archives/edgar/data/0001267425/000126742520000002/b5121910q.htm,True
85,V,0000103379,10-Q,2019-12-28,C:\Users\User\OneDrive\Desktop\Code\msba_edgar\scraper\sec-edgar-filings\V_2019-12-28_10-Q_0000103379-20-000003_filing-details.html,https://www.sec.gov/Archives/edgar/data/0000103379/000010337920000003/vfcq3202010-q.htm,True
86,V,0001403161,10-Q,2019-12-31,C:\Users\User\OneDrive\Desktop\Code\msba_edgar\scraper\sec-edgar-filings\V_2019-12-31_10-Q_0001403161-20-000012_filing-details.html,https://www.sec.gov/Archives/edgar/data/0001403161/000140316120000012/v123119form10q.htm,True
87,V,0001253347,10-Q,2019-09-30,C:\Users\User\OneDrive\Desktop\Code\msba_edgar\scraper\sec-edgar-filings\V_2019-09-30_10-Q_0001654954-19-012828_filing-details.html,https://www.sec.gov/Archives/edgar/data/0001253347/000165495419012828/cigf5_10q.htm,True
88,V,0001267425,10-Q,2019-09-30,C:\Users\User\OneDrive\Desktop\Code\msba_edgar\scraper\sec-edgar-filings\V_2019-09-30_10-Q_0001267425-19-000005_filing-details.html,https://www.sec.gov/Archives/edgar/data/0001267425/000126742519000005/b5091910q.htm,True
89,V,0001267426,10-Q,2019-09-30,C:\Users\User\OneDrive\Desktop\Code\msba_edgar\scraper\sec-edgar-filings\V_2019-09-30_10-Q_0001267426-19-000008_filing-details.html,https://www.sec.gov/Archives/edgar/data/0001267426/000126742619000008/ac919-10q.htm,True
90,V,0001580988,10-Q,2019-09-30,C:\Users\User\OneDrive\Desktop\Code\msba_edgar\scraper\sec-edgar-filings\V_2019-09-30_10-Q_0001580988-19-000077_filing-details.html,https://www.sec.gov/Archives/edgar/data/0001580988/000158098819000077/ccptv930201910q.htm,True
91,V,0001387061,10-Q,2019-09-30,C:\Users\User\OneDrive\Desktop\Code\msba_edgar\scraper\sec-edgar-filings\V_2019-09-30_10-Q_0001104659-19-061159_filing-details.html,https://www.sec.gov/Archives/edgar/data/0001387061/000110465919061159/tm1919590-1_10q.htm,True
92,V,0001385662,10-Q,2019-09-30,C:\Users\User\OneDrive\Desktop\Code\msba_edgar\scraper\sec-edgar-filings\V_2019-09-30_10-Q_0001214659-19-006897_filing-details.html,https://www.sec.gov/Archives/edgar/data/0001385662/000121465919006897/v103019710q.htm,True
93,V,0001574291,10-Q,2019-09-30,C:\Users\User\OneDrive\Desktop\Code\msba_edgar\scraper\sec-edgar-filings\V_2019-09-30_10-Q_0001574291-19-000026_filing-details.html,https://www.sec.gov/Archives/edgar/data/0001574291/000157429119000026/gsvq3201910-q.htm,True
94,V,0000103379,10-Q,2019-09-28,C:\Users\User\OneDrive\Desktop\Code\msba_edgar\scraper\sec-edgar-filings\V_2019-09-28_10-Q_0000103379-19-000014_filing-details.html,https://www.sec.gov/Archives/edgar/data/0000103379/000010337919000014/vfcq2202010-q.htm,True
95,V,0001000229,10-Q,2019-09-30,C:\Users\User\OneDrive\Desktop\Code\msba_edgar\scraper\sec-edgar-filings\V_2019-09-30_10-Q_0001564590-19-037774_filing-details.html,https://www.sec.gov/Archives/edgar/data/0001000229/000156459019037774/clb-10q_20190930.htm,True
96,V,0001253347,10-Q,2019-06-30,C:\Users\User\OneDrive\Desktop\Code\msba_edgar\scraper\sec-edgar-filings\V_2019-06-30_10-Q_0001654954-19-009611_filing-details.html,https://www.sec.gov/Archives/edgar/data/0001253347/000165495419009611/cigf5_10q.htm,True
97,V,0001387061,10-Q,2019-06-30,C:\Users\User\OneDrive\Desktop\Code\msba_edgar\scraper\sec-edgar-filings\V_2019-06-30_10-Q_0001144204-19-040023_filing-details.html,https://www.sec.gov/Archives/edgar/data/0001387061/000114420419040023/tv527164_10q.htm,True
98,V,0001267426,10-Q,2019-06-30,C:\Users\User\OneDrive\Desktop\Code\msba_edgar\scraper\sec-edgar-filings\V_2019-06-30_10-Q_0001267426-19-000007_filing-details.html,https://www.sec.gov/Archives/edgar/data/0001267426/000126742619000007/ac619-10q.htm,True
99,V,0001267425,10-Q,2019-06-30,C:\Users\User\OneDrive\Desktop\Code\msba_edgar\scraper\sec-edgar-filings\V_2019-06-30_10-Q_0001267425-19-000004_filing-details.html,https://www.sec.gov/Archives/edgar/data/0001267425/000126742519000004/b5061910q.htm,True
100,V,0001580988,10-Q,2019-06-30,C:\Users\User\OneDrive\Desktop\Code\msba_edgar\scraper\sec-edgar-filings\V_2019-06-30_10-Q_0001580988-19-000051_filing-details.html,https://www.sec.gov/Archives/edgar/data/0001580988/000158098819000051/ccptv630201910q.htm,True
101,V,0000103379,10-Q,2019-06-29,C:\Users\User\OneDrive\Desktop\Code\msba_edgar\scraper\sec-edgar-filings\V_2019-06-29_10-Q_0000103379-19-000010_filing-details.html,https://www.sec.gov/Archives/edgar/data/0000103379/000010337919000010/vfcq1202010-q.htm,True
102,V,0001385662,10-Q,2019-06-30,C:\Users\User\OneDrive\Desktop\Code\msba_edgar\scraper\sec-edgar-filings\V_2019-06-30_10-Q_0001214659-19-005022_filing-details.html,https://www.sec.gov/Archives/edgar/data/0001385662/000121465919005022/v72919010q.htm,True
103,V,0001574291,10-Q,2019-06-30,C:\Users\User\OneDrive\Desktop\Code\msba_edgar\scraper\sec-edgar-filings\V_2019-06-30_10-Q_0001574291-19-000020_filing-details.html,https://www.sec.gov/Archives/edgar/data/0001574291/000157429119000020/gsvq2201910-q.htm,True
104,V,0001000229,10-Q,2019-06-30,C:\Users\User\OneDrive\Desktop\Code\msba_edgar\scraper\sec-edgar-filings\V_2019-06-30_10-Q_0001564590-19-026214_filing-details.html,https://www.sec.gov/Archives/edgar/data/0001000229/000156459019026214/clb-10q_20190630.htm,True
105,V,0001403161,10-Q,2019-06-30,C:\Users\User\OneDrive\Desktop\Code\msba_edgar\scraper\sec-edgar-filings\V_2019-06-30_10-Q_0001403161-19-000030_filing-details.html,https://www.sec.gov/Archives/edgar/data/0001403161/000140316119000030/v63019form10q.htm,True
106,V,0001387061,10-Q,2019-03-31,C:\Users\User\OneDrive\Desktop\Code\msba_edgar\scraper\sec-edgar-filings\V_2019-03-31_10-Q_0001144204-19-026482_filing-details.html,https://www.sec.gov/Archives/edgar/data/0001387061/000114420419026482/tv520852_10q.htm,True
107,V,0001253347,10-Q,2019-03-31,C:\Users\User\OneDrive\Desktop\Code\msba_edgar\scraper\sec-edgar-filings\V_2019-03-31_10-Q_0001654954-19-006125_filing-details.html,https://www.sec.gov/Archives/edgar/data/0001253347/000165495419006125/cigf5_10q.htm,True
108,V,0001672773,10-Q,2019-03-31,C:\Users\User\OneDrive\Desktop\Code\msba_edgar\scraper\sec-edgar-filings\V_2019-03-31_10-Q_0001493152-19-007361_filing-details.html,https://www.sec.gov/Archives/edgar/data/0001672773/000149315219007361/form10-q.htm,True
109,V,0001580988,10-Q,2019-03-31,C:\Users\User\OneDrive\Desktop\Code\msba_edgar\scraper\sec-edgar-filings\V_2019-03-31_10-Q_0001580988-19-000028_filing-details.html,https://www.sec.gov/Archives/edgar/data/0001580988/000158098819000028/ccptv331201910q.htm,True
110,V,0001385662,10-Q,2019-03-31,C:\Users\User\OneDrive\Desktop\Code\msba_edgar\scraper\sec-edgar-filings\V_2019-03-31_10-Q_0001214659-19-003365_filing-details.html,https://www.sec.gov/Archives/edgar/data/0001385662/000121465919003365/v5119510q.htm,True
111,V,0001267426,10-Q,2019-03-31,C:\Users\User\OneDrive\Desktop\Code\msba_edgar\scraper\sec-edgar-filings\V_2019-03-31_10-Q_0001267426-19-000005_filing-details.html,https://www.sec.gov/Archives/edgar/data/0001267426/000126742619000005/ac319-10q.htm,True
112,V,0001574291,10-Q,2019-03-31,C:\Users\User\OneDrive\Desktop\Code\msba_edgar\scraper\sec-edgar-filings\V_2019-03-31_10-Q_0001574291-19-000014_filing-details.html,https://www.sec.gov/Archives/edgar/data/0001574291/000157429119000014/gsvq1201910-q.htm,True
113,V,0001000229,10-Q,2019-03-31,C:\Users\User\OneDrive\Desktop\Code\msba_edgar\scraper\sec-edgar-filings\V_2019-03-31_10-Q_0001564590-19-013150_filing-details.html,https://www.sec.gov/Archives/edgar/data/0001000229/000156459019013150/clb-10q_20190331.htm,True
114,V,0001403161,10-Q,2019-03-31,C:\Users\User\OneDrive\Desktop\Code\msba_edgar\scraper\sec-edgar-filings\V_2019-03-31_10-Q_0001403161-19-000017_filing-details.html,https://www.sec.gov/Archives/edgar/data/0001403161/000140316119000017/v33119form10q.htm,True
115,V,0001267425,10-Q,2018-12-31,C:\Users\User\OneDrive\Desktop\Code\msba_edgar\scraper\sec-edgar-filings\V_2018-12-31_10-Q_0001267425-19-000002_filing-details.html,https://www.sec.gov/Archives/edgar/data/0001267425/000126742519000002/b5121810q.htm,True
116,V,0000103379,10-Q,2018-12-29,C:\Users\User\OneDrive\Desktop\Code\msba_edgar\scraper\sec-edgar-filings\V_2018-12-29_10-Q_0000103379-19-000003_filing-details.html,https://www.sec.gov/Archives/edgar/data/0000103379/000010337919000003/vfcq3201910-q.htm,True
117,V,0001403161,10-Q,2018-12-31,C:\Users\User\OneDrive\Desktop\Code\msba_edgar\scraper\sec-edgar-filings\V_2018-12-31_10-Q_0001403161-19-000005_filing-details.html,https://www.sec.gov/Archives/edgar/data/0001403161/000140316119000005/v123118form10q.htm,True
118,V,0001063489,10-Q,2018-09-30,C:\Users\User\OneDrive\Desktop\Code\msba_edgar\scraper\sec-edgar-filings\V_2018-09-30_10-Q_0001213900-18-016145_filing-details.html,https://www.sec.gov/Archives/edgar/data/0001063489/000121390018016145/f10q0918_sunburstacq5.htm,True
119,V,0001253347,10-Q,2018-09-30,C:\Users\User\OneDrive\Desktop\Code\msba_edgar\scraper\sec-edgar-filings\V_2018-09-30_10-Q_0001654954-18-012731_filing-details.html,https://www.sec.gov/Archives/edgar/data/0001253347/000165495418012731/cigf5_10q.htm,True
120,V,0001387061,10-Q,2018-09-30,C:\Users\User\OneDrive\Desktop\Code\msba_edgar\scraper\sec-edgar-filings\V_2018-09-30_10-Q_0001144204-18-059935_filing-details.html,https://www.sec.gov/Archives/edgar/data/0001387061/000114420418059935/tv506554_10q.htm,True
121,V,0001672773,10-Q,2018-09-30,C:\Users\User\OneDrive\Desktop\Code\msba_edgar\scraper\sec-edgar-filings\V_2018-09-30_10-Q_0001493152-18-015933_filing-details.html,https://www.sec.gov/Archives/edgar/data/0001672773/000149315218015933/form10-q.htm,True
122,V,0001267425,10-Q,2018-09-30,C:\Users\User\OneDrive\Desktop\Code\msba_edgar\scraper\sec-edgar-filings\V_2018-09-30_10-Q_0001267425-18-000006_filing-details.html,https://www.sec.gov/Archives/edgar/data/0001267425/000126742518000006/b5091810q.htm,True
123,V,0001580988,10-Q,2018-09-30,C:\Users\User\OneDrive\Desktop\Code\msba_edgar\scraper\sec-edgar-filings\V_2018-09-30_10-Q_0001580988-18-000092_filing-details.html,https://www.sec.gov/Archives/edgar/data/0001580988/000158098818000092/ccptv930201810q.htm,True
124,V,0001267426,10-Q,2018-09-30,C:\Users\User\OneDrive\Desktop\Code\msba_edgar\scraper\sec-edgar-filings\V_2018-09-30_10-Q_0001267426-18-000010_filing-details.html,https://www.sec.gov/Archives/edgar/data/0001267426/000126742618000010/ac918-10q.htm,True
125,V,0001385662,10-Q,2018-09-30,C:\Users\User\OneDrive\Desktop\Code\msba_edgar\scraper\sec-edgar-filings\V_2018-09-30_10-Q_0001214659-18-006997_filing-details.html,https://www.sec.gov/Archives/edgar/data/0001385662/000121465918006997/v110518310q.htm,True
126,V,0001574291,10-Q,2018-09-30,C:\Users\User\OneDrive\Desktop\Code\msba_edgar\scraper\sec-edgar-filings\V_2018-09-30_10-Q_0001574291-18-000030_filing-details.html,https://www.sec.gov/Archives/edgar/data/0001574291/000157429118000030/gsvq3201810-q.htm,True
127,V,0000103379,10-Q,2018-09-29,C:\Users\User\OneDrive\Desktop\Code\msba_edgar\scraper\sec-edgar-filings\V_2018-09-29_10-Q_0000103379-18-000013_filing-details.html,https://www.sec.gov/Archives/edgar/data/0000103379/000010337918000013/vfcq2201910-q.htm,True
128,V,0001000229,10-Q,2018-09-30,C:\Users\User\OneDrive\Desktop\Code\msba_edgar\scraper\sec-edgar-filings\V_2018-09-30_10-Q_0001000229-18-000119_filing-details.html,https://www.sec.gov/Archives/edgar/data/0001000229/000100022918000119/clb-2018930x10q.htm,True
129,V,0001063489,10-Q,2018-06-30,C:\Users\User\OneDrive\Desktop\Code\msba_edgar\scraper\sec-edgar-filings\V_2018-06-30_10-Q_0001213900-18-010987_filing-details.html,https://www.sec.gov/Archives/edgar/data/0001063489/000121390018010987/f10q0618_sunburstacq5.htm,True
130,V,0001385662,10-Q,2018-06-30,C:\Users\User\OneDrive\Desktop\Code\msba_edgar\scraper\sec-edgar-filings\V_2018-06-30_10-Q_0001214659-18-005475_filing-details.html,https://www.sec.gov/Archives/edgar/data/0001385662/000121465918005475/v8318010q.htm,True
131,V,0001253347,10-Q,2018-06-30,C:\Users\User\OneDrive\Desktop\Code\msba_edgar\scraper\sec-edgar-filings\V_2018-06-30_10-Q_0001654954-18-009036_filing-details.html,https://www.sec.gov/Archives/edgar/data/0001253347/000165495418009036/cigf5_10q.htm,True
132,V,0001387061,10-Q,2018-06-30,C:\Users\User\OneDrive\Desktop\Code\msba_edgar\scraper\sec-edgar-filings\V_2018-06-30_10-Q_0001144204-18-044687_filing-details.html,https://www.sec.gov/Archives/edgar/data/0001387061/000114420418044687/tv500258_10q.htm,True
133,V,0001672773,10-Q,2018-06-30,C:\Users\User\OneDrive\Desktop\Code\msba_edgar\scraper\sec-edgar-filings\V_2018-06-30_10-Q_0001493152-18-011696_filing-details.html,https://www.sec.gov/Archives/edgar/data/0001672773/000149315218011696/form10-q.htm,True
134,V,0001267426,10-Q,2018-06-30,C:\Users\User\OneDrive\Desktop\Code\msba_edgar\scraper\sec-edgar-filings\V_2018-06-30_10-Q_0001267426-18-000008_filing-details.html,https://www.sec.gov/Archives/edgar/data/0001267426/000126742618000008/ac618-10q.htm,True
135,V,0001267425,10-Q,2018-06-30,C:\Users\User\OneDrive\Desktop\Code\msba_edgar\scraper\sec-edgar-filings\V_2018-06-30_10-Q_0001267425-18-000004_filing-details.html,https://www.sec.gov/Archives/edgar/data/0001267425/000126742518000004/b5061810q.htm,True
136,V,0001580988,10-Q,2018-06-30,C:\Users\User\OneDrive\Desktop\Code\msba_edgar\scraper\sec-edgar-filings\V_2018-06-30_10-Q_0001580988-18-000067_filing-details.html,https://www.sec.gov/Archives/edgar/data/0001580988/000158098818000067/ccptv630201810q.htm,True
137,V,0000103379,10-Q,2018-06-30,C:\Users\User\OneDrive\Desktop\Code\msba_edgar\scraper\sec-edgar-filings\V_2018-06-30_10-Q_0000103379-18-000009_filing-details.html,https://www.sec.gov/Archives/edgar/data/0000103379/000010337918000009/vfcq1201910-q.htm,True
138,V,0001574291,10-Q,2018-06-30,C:\Users\User\OneDrive\Desktop\Code\msba_edgar\scraper\sec-edgar-filings\V_2018-06-30_10-Q_0001574291-18-000021_filing-details.html,https://www.sec.gov/Archives/edgar/data/0001574291/000157429118000021/gsvq2201810-q.htm,True
139,V,0001000229,10-Q,2018-06-30,C:\Users\User\OneDrive\Desktop\Code\msba_edgar\scraper\sec-edgar-filings\V_2018-06-30_10-Q_0001000229-18-000098_filing-details.html,https://www.sec.gov/Archives/edgar/data/0001000229/000100022918000098/clb-2018630x10q.htm,True
140,V,0001403161,10-Q,2018-06-30,C:\Users\User\OneDrive\Desktop\Code\msba_edgar\scraper\sec-edgar-filings\V_2018-06-30_10-Q_0001403161-18-000034_filing-details.html,https://www.sec.gov/Archives/edgar/data/0001403161/000140316118000034/v63018form10q.htm,True
141,V,0001063489,10-Q,2018-03-31,C:\Users\User\OneDrive\Desktop\Code\msba_edgar\scraper\sec-edgar-filings\V_2018-03-31_10-Q_0001213900-18-006611_filing-details.html,https://www.sec.gov/Archives/edgar/data/0001063489/000121390018006611/f10q0318_sunburstacq5.htm,True
142,V,0001387061,10-Q,2018-03-31,C:\Users\User\OneDrive\Desktop\Code\msba_edgar\scraper\sec-edgar-filings\V_2018-03-31_10-Q_0001144204-18-028751_filing-details.html,https://www.sec.gov/Archives/edgar/data/0001387061/000114420418028751/tv493176_10q.htm,True
143,V,0001580988,10-Q,2018-03-31,C:\Users\User\OneDrive\Desktop\Code\msba_edgar\scraper\sec-edgar-filings\V_2018-03-31_10-Q_0001580988-18-000051_filing-details.html,https://www.sec.gov/Archives/edgar/data/0001580988/000158098818000051/ccptv331201810q.htm,True
144,V,0001253347,10-Q,2018-03-31,C:\Users\User\OneDrive\Desktop\Code\msba_edgar\scraper\sec-edgar-filings\V_2018-03-31_10-Q_0001654954-18-005428_filing-details.html,https://www.sec.gov/Archives/edgar/data/0001253347/000165495418005428/cigf5_10q.htm,True
145,V,0001672773,10-Q,2018-03-31,C:\Users\User\OneDrive\Desktop\Code\msba_edgar\scraper\sec-edgar-filings\V_2018-03-31_10-Q_0001493152-18-006828_filing-details.html,https://www.sec.gov/Archives/edgar/data/0001672773/000149315218006828/form10-q.htm,True
146,V,0001385662,10-Q,2018-03-31,C:\Users\User\OneDrive\Desktop\Code\msba_edgar\scraper\sec-edgar-filings\V_2018-03-31_10-Q_0001214659-18-003592_filing-details.html,https://www.sec.gov/Archives/edgar/data/0001385662/000121465918003592/v5718510q.htm,True
147,V,0001267426,10-Q,2018-03-31,C:\Users\User\OneDrive\Desktop\Code\msba_edgar\scraper\sec-edgar-filings\V_2018-03-31_10-Q_0001267426-18-000006_filing-details.html,https://www.sec.gov/Archives/edgar/data/0001267426/000126742618000006/ac318-10q.htm,True
148,V,0001574291,10-Q,2018-03-31,C:\Users\User\OneDrive\Desktop\Code\msba_edgar\scraper\sec-edgar-filings\V_2018-03-31_10-Q_0001574291-18-000014_filing-details.html,https://www.sec.gov/Archives/edgar/data/0001574291/000157429118000014/gsvq1201810-q.htm,True
149,V,0000884624,10-Q,2018-03-31,C:\Users\User\OneDrive\Desktop\Code\msba_edgar\scraper\sec-edgar-filings\V_2018-03-31_10-Q_0001564590-18-009864_filing-details.html,https://www.sec.gov/Archives/edgar/data/0000884624/000156459018009864/ofix-10q_20180331.htm,True
150,V,0001403161,10-Q,2018-03-31,C:\Users\User\OneDrive\Desktop\Code\msba_edgar\scraper\sec-edgar-filings\V_2018-03-31_10-Q_0001403161-18-000020_filing-details.html,https://www.sec.gov/Archives/edgar/data/0001403161/000140316118000020/v33118form10q.htm,True
151,V,0001000229,10-Q,2018-03-31,C:\Users\User\OneDrive\Desktop\Code\msba_edgar\scraper\sec-edgar-filings\V_2018-03-31_10-Q_0001000229-18-000071_filing-details.html,https://www.sec.gov/Archives/edgar/data/0001000229/000100022918000071/clb-2018331x10q.htm,True
152,V,0001027884,10-Q,2018-03-31,C:\Users\User\OneDrive\Desktop\Code\msba_edgar\scraper\sec-edgar-filings\V_2018-03-31_10-Q_0001027884-18-000058_filing-details.html,https://www.sec.gov/Archives/edgar/data/0001027884/000102788418000058/a2018033110q.htm,True
153,V,0001267425,10-Q,2017-12-31,C:\Users\User\OneDrive\Desktop\Code\msba_edgar\scraper\sec-edgar-filings\V_2017-12-31_10-Q_0001267425-18-000002_filing-details.html,https://www.sec.gov/Archives/edgar/data/0001267425/000126742518000002/b5121710q.htm,True
154,V,0001403161,10-Q,2017-12-31,C:\Users\User\OneDrive\Desktop\Code\msba_edgar\scraper\sec-edgar-filings\V_2017-12-31_10-Q_0001403161-18-000009_filing-details.html,https://www.sec.gov/Archives/edgar/data/0001403161/000140316118000009/v123117form10q.htm,True
